Anderson,Janet,janderson0@cbslocal.com
Bryant,Angela,abryant1@eepurl.com
Vasquez,Billy,bvasquez2@huffingtonpost.com
Russell,Gloria,grussell3@ycombinator.com
Clark,Nicole,nclark4@unesco.org
Edwards,Billy,bedwards5@about.com
Arnold,Christopher,carnold6@ifeng.com
Wells,Randy,rwells7@clickbank.net
Clark,Jennifer,jclark8@whitehouse.gov
Foster,Ralph,rfoster9@google.com
Kelley,Brian,bkelleya@sciencedaily.com
Jordan,Betty,bjordanb@unesco.org
Parker,Craig,cparkerc@imdb.com
Fields,Shawn,sfieldsd@addthis.com
Walker,Carol,cwalkere@lulu.com
Turner,Maria,mturnerf@dedecms.com
Alvarez,Jeremy,jalvarezg@state.gov
Reed,Stephanie,sreedh@fema.gov
Chapman,David,dchapmani@g.co
Porter,Gerald,gporterj@nydailynews.com
Johnson,Angela,ajohnsonk@jalbum.net
Oliver,Gary,goliverl@merriam-webster.com
Ferguson,Beverly,bfergusonm@biglobe.ne.jp
Watkins,Diane,dwatkinsn@reverbnation.com
Vasquez,Debra,dvasquezo@stanford.edu
Mason,Barbara,bmasonp@columbia.edu
Moreno,Emily,emorenoq@blogtalkradio.com
Ramos,Chris,cramosr@latimes.com
Arnold,Nicole,narnolds@newyorker.com
Williamson,Mark,mwilliamsont@elegantthemes.com
Ray,Marie,mrayu@seesaa.net
Adams,Debra,dadamsv@virginia.edu
Reid,Johnny,jreidw@instagram.com
Gutierrez,Keith,kgutierrezx@e-recht24.de
Lawrence,Adam,alawrencey@4shared.com
Holmes,Louise,lholmesz@hibu.com
Johnston,Edward,ejohnston10@liveinternet.ru
Peterson,Sharon,speterson11@elegantthemes.com
Nguyen,Scott,snguyen12@fastcompany.com
Howard,Bonnie,bhoward13@army.mil
Webb,Eugene,ewebb14@xing.com
Ortiz,Donald,dortiz15@ucla.edu
Lee,Andrew,alee16@icio.us
Jacobs,Carl,cjacobs17@51.la
Simmons,Doris,dsimmons18@bing.com
Dunn,Anthony,adunn19@whitehouse.gov
Hart,Janice,jhart1a@google.co.jp
Simpson,Chris,csimpson1b@themeforest.net
Bradley,Sharon,sbradley1c@pbs.org
Collins,Eric,ecollins1d@epa.gov
Gordon,Ann,agordon1e@biglobe.ne.jp
Ferguson,Andrea,aferguson1f@usda.gov
Simmons,Nancy,nsimmons1g@earthlink.net
Duncan,Susan,sduncan1h@elegantthemes.com
Alvarez,Lori,lalvarez1i@utexas.edu
Hill,Wayne,whill1j@smh.com.au
Marshall,Michelle,mmarshall1k@netscape.com
Greene,Henry,hgreene1l@vistaprint.com
Murphy,Todd,tmurphy1m@accuweather.com
Rivera,Brian,brivera1n@alexa.com
Boyd,Robert,rboyd1o@mit.edu
Peterson,Jean,jpeterson1p@noaa.gov
Dunn,Julie,jdunn1q@businesswire.com
Richardson,Alan,arichardson1r@goo.ne.jp
Gardner,Jean,jgardner1s@booking.com
Chavez,Lisa,lchavez1t@dot.gov
Snyder,Benjamin,bsnyder1u@weebly.com
Mason,Christopher,cmason1v@blinklist.com
Miller,Randy,rmiller1w@sfgate.com
Fernandez,Sharon,sfernandez1x@ehow.com
Price,Roy,rprice1y@amazonaws.com
Hall,Betty,bhall1z@ustream.tv
Arnold,Tina,tarnold20@accuweather.com
Mcdonald,Judy,jmcdonald21@digg.com
Ferguson,Eugene,eferguson22@github.com
Austin,Alan,aaustin23@dmoz.org
Bowman,Diane,dbowman24@symantec.com
Carpenter,Debra,dcarpenter25@mapy.cz
Anderson,Ronald,randerson26@dailymotion.com
Weaver,Tina,tweaver27@time.com
Sanders,Sharon,ssanders28@wikia.com
Bradley,Brenda,bbradley29@state.gov
Carpenter,Cynthia,ccarpenter2a@skype.com
Fuller,James,jfuller2b@canalblog.com
Gray,Billy,bgray2c@macromedia.com
King,Carlos,cking2d@icio.us
Baker,Ashley,abaker2e@sohu.com
Ruiz,Doris,druiz2f@bandcamp.com
Roberts,Anna,aroberts2g@army.mil
Williamson,Daniel,dwilliamson2h@netlog.com
Stone,Willie,wstone2i@oaic.gov.au
Owens,Alan,aowens2j@blinklist.com
Stevens,Henry,hstevens2k@discuz.net
Bowman,Nicholas,nbowman2l@google.com
Wood,Billy,bwood2m@jugem.jp
Nguyen,Anna,anguyen2n@aol.com
Austin,Earl,eaustin2o@tumblr.com
Robertson,Nicholas,nrobertson2p@last.fm
Cruz,Scott,scruz2q@ning.com
Morales,Shawn,smorales2r@ameblo.jp
Garrett,Anna,agarrett2s@pcworld.com
Nelson,Diana,dnelson2t@tamu.edu
Dean,Harold,hdean2u@nbcnews.com
Knight,Russell,rknight2v@ezinearticles.com
Cooper,Frank,fcooper2w@hao123.com
Lynch,Anne,alynch2x@dedecms.com
Garza,Kathleen,kgarza2y@slate.com
Ortiz,Sara,sortiz2z@stumbleupon.com
Ward,Heather,hward30@drupal.org
Cole,Bonnie,bcole31@telegraph.co.uk
Little,Judith,jlittle32@army.mil
Wagner,Daniel,dwagner33@slideshare.net
Wagner,Sharon,swagner34@jiathis.com
Davis,Larry,ldavis35@examiner.com
Jenkins,Kenneth,kjenkins36@a8.net
Reynolds,Jesse,jreynolds37@storify.com
Wallace,Peter,pwallace38@hud.gov
Reynolds,Donald,dreynolds39@loc.gov
Anderson,Lillian,landerson3a@fema.gov
Price,Kenneth,kprice3b@tripod.com
Armstrong,Jason,jarmstrong3c@house.gov
Scott,Bruce,bscott3d@wunderground.com
Vasquez,Sharon,svasquez3e@cbc.ca
Jackson,Ernest,ejackson3f@hp.com
Moore,Joseph,jmoore3g@google.co.uk
Graham,Sandra,sgraham3h@spiegel.de
Daniels,Henry,hdaniels3i@ameblo.jp
Robertson,Willie,wrobertson3j@whitehouse.gov
Henderson,Julie,jhenderson3k@naver.com
Lawrence,William,wlawrence3l@yahoo.com
Dean,Jessica,jdean3m@prnewswire.com
Porter,Kimberly,kporter3n@histats.com
Wells,Robert,rwells3o@flavors.me
Alvarez,Jacqueline,jalvarez3p@desdev.cn
Rice,Kimberly,krice3q@ebay.co.uk
Alvarez,Amy,aalvarez3r@usatoday.com
Lawson,Lawrence,llawson3s@apache.org
Frazier,Walter,wfrazier3t@independent.co.uk
Wells,Kathryn,kwells3u@skype.com
Henderson,Carol,chenderson3v@squarespace.com
George,Howard,hgeorge3w@dropbox.com
Smith,Keith,ksmith3x@techcrunch.com
Rogers,Shirley,srogers3y@zdnet.com
Payne,Doris,dpayne3z@cbc.ca
Mitchell,Judy,jmitchell40@livejournal.com
Henry,Arthur,ahenry41@who.int
Austin,Paul,paustin42@buzzfeed.com
Palmer,Deborah,dpalmer43@squidoo.com
Fisher,Arthur,afisher44@washington.edu
Mills,Lori,lmills45@wikipedia.org
Olson,Rose,rolson46@prweb.com
Perry,Douglas,dperry47@imdb.com
Olson,Steven,solson48@mlb.com
Edwards,Emily,eedwards49@etsy.com
Richards,Daniel,drichards4a@accuweather.com
Coleman,Anne,acoleman4b@clickbank.net
Nguyen,Dorothy,dnguyen4c@macromedia.com
Gordon,Billy,bgordon4d@amazonaws.com
Barnes,James,jbarnes4e@example.com
Fowler,Michelle,mfowler4f@sbwire.com
Reed,Edward,ereed4g@earthlink.net
Harper,Alice,aharper4h@berkeley.edu
Flores,Earl,eflores4i@ucoz.ru
Banks,Raymond,rbanks4j@mtv.com
Rodriguez,Samuel,srodriguez4k@nasa.gov
Morales,Christopher,cmorales4l@businessweek.com
Henry,Jessica,jhenry4m@sphinn.com
Gibson,Donald,dgibson4n@oakley.com
Carpenter,Deborah,dcarpenter4o@ocn.ne.jp
Stevens,Walter,wstevens4p@prlog.org
Murphy,Ruby,rmurphy4q@reference.com
Black,Joe,jblack4r@cocolog-nifty.com
Frazier,Steven,sfrazier4s@cdbaby.com
Johnson,Richard,rjohnson4t@unblog.fr
Washington,George,gwashington4u@spiegel.de
Morgan,Irene,imorgan4v@ebay.com
Miller,Jennifer,jmiller4w@blogspot.com
Adams,Ann,aadams4x@alibaba.com
Alvarez,Anthony,aalvarez4y@cpanel.net
Perez,Roy,rperez4z@latimes.com
Rodriguez,Willie,wrodriguez50@reddit.com
Diaz,Walter,wdiaz51@java.com
Smith,Paul,psmith52@epa.gov
Ortiz,Judith,jortiz53@shareasale.com
Chavez,Brian,bchavez54@bluehost.com
Chavez,Todd,tchavez55@accuweather.com
Hansen,Janice,jhansen56@live.com
Adams,Joshua,jadams57@networkadvertising.org
Stevens,Theresa,tstevens58@livejournal.com
Spencer,Doris,dspencer59@constantcontact.com
Parker,Anthony,aparker5a@delicious.com
Fisher,Mary,mfisher5b@wiley.com
Coleman,Theresa,tcoleman5c@theglobeandmail.com
Shaw,Carlos,cshaw5d@friendfeed.com
Jenkins,Charles,cjenkins5e@mtv.com
Washington,Melissa,mwashington5f@ning.com
Sims,Anne,asims5g@amazonaws.com
Reed,Martin,mreed5h@pen.io
Gray,Steven,sgray5i@istockphoto.com
Ramirez,Willie,wramirez5j@feedburner.com
Gordon,Roy,rgordon5k@friendfeed.com
Webb,Amanda,awebb5l@time.com
Sanchez,Julia,jsanchez5m@wordpress.org
King,Dennis,dking5n@samsung.com
Romero,Evelyn,eromero5o@people.com.cn
Wallace,Billy,bwallace5p@npr.org
Meyer,Cynthia,cmeyer5q@google.cn
Bennett,Angela,abennett5r@xrea.com
Gonzalez,Howard,hgonzalez5s@canalblog.com
Mills,Craig,cmills5t@friendfeed.com
Cox,Edward,ecox5u@yandex.ru
Hill,Roy,rhill5v@weebly.com
Mendoza,Wanda,wmendoza5w@jugem.jp
Bell,Kevin,kbell5x@npr.org
Lane,Ruth,rlane5y@cbsnews.com
Sullivan,Angela,asullivan5z@feedburner.com
Mason,Richard,rmason60@discovery.com
Romero,Arthur,aromero61@yale.edu
Larson,Lori,llarson62@furl.net
Mccoy,Russell,rmccoy63@slate.com
George,Melissa,mgeorge64@mashable.com
Hall,Stephen,shall65@usnews.com
Woods,Roy,rwoods66@rakuten.co.jp
Larson,Andrew,alarson67@quantcast.com
Hart,Kathleen,khart68@paginegialle.it
Scott,Laura,lscott69@umich.edu
Garrett,Joseph,jgarrett6a@skyrock.com
Williamson,George,gwilliamson6b@bluehost.com
Gonzales,Joe,jgonzales6c@shinystat.com
Porter,James,jporter6d@ucoz.ru
Holmes,Alan,aholmes6e@paginegialle.it
Welch,Bruce,bwelch6f@tinypic.com
Washington,Debra,dwashington6g@archive.org
Carter,Donna,dcarter6h@w3.org
Hernandez,Mary,mhernandez6i@ehow.com
Williamson,David,dwilliamson6j@chicagotribune.com
Harris,Pamela,pharris6k@timesonline.co.uk
Rice,Juan,jrice6l@tripod.com
Dean,Todd,tdean6m@aol.com
Fisher,Marie,mfisher6n@stumbleupon.com
Myers,Beverly,bmyers6o@craigslist.org
Mills,Katherine,kmills6p@ed.gov
Watson,Joe,jwatson6q@photobucket.com
Boyd,Martin,mboyd6r@va.gov
Meyer,Rachel,rmeyer6s@histats.com
Fernandez,Anthony,afernandez6t@webnode.com
Grant,Diane,dgrant6u@nydailynews.com
Coleman,Shawn,scoleman6v@google.ru
Gibson,Paula,pgibson6w@csmonitor.com
Ellis,Chris,cellis6x@zdnet.com
Walker,Russell,rwalker6y@goo.ne.jp
Perkins,Marilyn,mperkins6z@ameblo.jp
Fox,Mary,mfox70@mlb.com
Carter,Phyllis,pcarter71@businessweek.com
Bishop,Russell,rbishop72@stumbleupon.com
Grant,Lawrence,lgrant73@psu.edu
Hawkins,Jesse,jhawkins74@vistaprint.com
Lee,Gloria,glee75@pbs.org
Tucker,Joshua,jtucker76@aol.com
Jenkins,Jane,jjenkins77@amazon.co.uk
Bradley,Gerald,gbradley78@clickbank.net
Washington,Harry,hwashington79@alexa.com
Collins,Jason,jcollins7a@patch.com
Kennedy,Jose,jkennedy7b@google.ca
Henry,Ernest,ehenry7c@desdev.cn
Hunt,Gary,ghunt7d@shop-pro.jp
Bell,Robin,rbell7e@xing.com
Barnes,Jerry,jbarnes7f@youku.com
Greene,Andrew,agreene7g@phoca.cz
Wood,Carl,cwood7h@buzzfeed.com
Coleman,Robert,rcoleman7i@arstechnica.com
Fields,Rose,rfields7j@thetimes.co.uk
Hart,Paula,phart7k@mlb.com
Evans,Rachel,revans7l@slideshare.net
Day,Sean,sday7m@patch.com
Edwards,Shawn,sedwards7n@angelfire.com
Jacobs,Victor,vjacobs7o@si.edu
Alvarez,Linda,lalvarez7p@bigcartel.com
Sanders,Andrea,asanders7q@histats.com
Morrison,William,wmorrison7r@hubpages.com
Foster,Ronald,rfoster7s@edublogs.org
Harrison,Mary,mharrison7t@smh.com.au
George,Lillian,lgeorge7u@smh.com.au
Flores,Tammy,tflores7v@goo.ne.jp
Cook,Anthony,acook7w@tumblr.com
Black,Julia,jblack7x@bloglines.com
Cook,Jeffrey,jcook7y@posterous.com
Ford,Louise,lford7z@live.com
Webb,Scott,swebb80@paypal.com
Reyes,Ryan,rreyes81@behance.net
Reid,Shirley,sreid82@bloglines.com
Brooks,Lori,lbrooks83@1688.com
Morris,Donna,dmorris84@amazon.co.jp
Crawford,Wayne,wcrawford85@photobucket.com
Martinez,Ralph,rmartinez86@homestead.com
Daniels,Cheryl,cdaniels87@homestead.com
Robertson,Susan,srobertson88@vistaprint.com
Rose,Angela,arose89@gov.uk
Andrews,Frances,fandrews8a@virginia.edu
Bailey,Earl,ebailey8b@hc360.com
Ryan,Jane,jryan8c@geocities.com
Chapman,Jessica,jchapman8d@rambler.ru
Rice,Teresa,trice8e@blog.com
King,James,jking8f@netscape.com
Butler,Eric,ebutler8g@e-recht24.de
Payne,Irene,ipayne8h@geocities.com
Daniels,Julia,jdaniels8i@sciencedaily.com
Hudson,Helen,hhudson8j@eventbrite.com
Martinez,Barbara,bmartinez8k@intel.com
Bailey,Emily,ebailey8l@vk.com
Griffin,Diana,dgriffin8m@boston.com
Richardson,Carl,crichardson8n@dot.gov
Medina,Patricia,pmedina8o@psu.edu
Little,Edward,elittle8p@meetup.com
Porter,Martin,mporter8q@upenn.edu
Jones,Timothy,tjones8r@pen.io
Dean,Denise,ddean8s@posterous.com
Ford,Rachel,rford8t@timesonline.co.uk
Garrett,Diana,dgarrett8u@tinypic.com
Weaver,Chris,cweaver8v@chronoengine.com
Oliver,Janice,joliver8w@ning.com
Perez,Anna,aperez8x@wunderground.com
Stephens,Bonnie,bstephens8y@theglobeandmail.com
Bowman,Jesse,jbowman8z@virginia.edu
Hicks,Edward,ehicks90@issuu.com
Turner,Billy,bturner91@printfriendly.com
Medina,Jonathan,jmedina92@cbsnews.com
Armstrong,Adam,aarmstrong93@nasa.gov
Carpenter,Christina,ccarpenter94@businessinsider.com
Crawford,Annie,acrawford95@seattletimes.com
Garza,Virginia,vgarza96@chicagotribune.com
Hunter,Dorothy,dhunter97@typepad.com
Cox,Philip,pcox98@elegantthemes.com
Meyer,Doris,dmeyer99@163.com
Grant,Tammy,tgrant9a@google.co.uk
Perkins,Anna,aperkins9b@cdbaby.com
Grant,Chris,cgrant9c@ibm.com
Hawkins,Teresa,thawkins9d@smugmug.com
Sanchez,Brian,bsanchez9e@feedburner.com
Marshall,Carolyn,cmarshall9f@chronoengine.com
James,Kelly,kjames9g@surveymonkey.com
Burns,Jesse,jburns9h@forbes.com
Hanson,Sandra,shanson9i@samsung.com
Collins,Robin,rcollins9j@elegantthemes.com
Boyd,Frances,fboyd9k@slashdot.org
Fowler,Jeffrey,jfowler9l@technorati.com
Martin,Julia,jmartin9m@nhs.uk
Reynolds,Katherine,kreynolds9n@cpanel.net
Spencer,Denise,dspencer9o@dyndns.org
Woods,Martha,mwoods9p@blogs.com
Snyder,Daniel,dsnyder9q@hc360.com
Mccoy,Diana,dmccoy9r@discovery.com
Wheeler,Steve,swheeler9s@furl.net
Pierce,Harold,hpierce9t@columbia.edu
Fernandez,Diana,dfernandez9u@dagondesign.com
Oliver,Frances,foliver9v@buzzfeed.com
Stewart,Sharon,sstewart9w@mapy.cz
Smith,Joseph,jsmith9x@uiuc.edu
Murray,Amy,amurray9y@multiply.com
Holmes,Ann,aholmes9z@biglobe.ne.jp
Stone,Joyce,jstonea0@baidu.com
James,Annie,ajamesa1@exblog.jp
Lawson,Lawrence,llawsona2@xrea.com
Martin,John,jmartina3@huffingtonpost.com
Brown,Amy,abrowna4@51.la
Campbell,Arthur,acampbella5@statcounter.com
Walker,Charles,cwalkera6@dedecms.com
Gibson,Christopher,cgibsona7@tumblr.com
Henderson,Benjamin,bhendersona8@unesco.org
Torres,Tina,ttorresa9@4shared.com
White,Lisa,lwhiteaa@mit.edu
Martinez,Michelle,mmartinezab@answers.com
Ramirez,Joyce,jramirezac@reuters.com
King,Lois,lkingad@nationalgeographic.com
Ferguson,Karen,kfergusonae@bravesites.com
Little,Evelyn,elittleaf@privacy.gov.au
Chapman,Sharon,schapmanag@apple.com
Graham,Tammy,tgrahamah@squidoo.com
Frazier,Linda,lfrazierai@prlog.org
James,Matthew,mjamesaj@businessinsider.com
Weaver,Mildred,mweaverak@toplist.cz
Patterson,Bruce,bpattersonal@so-net.ne.jp
Ross,Beverly,brossam@jalbum.net
Stevens,Betty,bstevensan@europa.eu
Hudson,Harry,hhudsonao@fema.gov
Dean,Kathryn,kdeanap@jalbum.net
Parker,Fred,fparkeraq@shop-pro.jp
Smith,Stephen,ssmithar@sfgate.com
Collins,Jeffrey,jcollinsas@homestead.com
Ryan,Pamela,pryanat@msn.com
Myers,Anthony,amyersau@rediff.com
Franklin,Frances,ffranklinav@theguardian.com
Romero,George,gromeroaw@hc360.com
Warren,Andrea,awarrenax@google.ca
Duncan,Henry,hduncanay@mapquest.com
Watkins,Kelly,kwatkinsaz@telegraph.co.uk
Grant,Peter,pgrantb0@google.fr
Daniels,Terry,tdanielsb1@miitbeian.gov.cn
Richardson,Janice,jrichardsonb2@blinklist.com
Medina,Frances,fmedinab3@bing.com
Kelly,Virginia,vkellyb4@hc360.com
Anderson,Stephen,sandersonb5@dion.ne.jp
Riley,Juan,jrileyb6@statcounter.com
Berry,Samuel,sberryb7@spiegel.de
Peterson,Kelly,kpetersonb8@nps.gov
Parker,Brenda,bparkerb9@so-net.ne.jp
Wagner,Teresa,twagnerba@theglobeandmail.com
Perez,Sean,sperezbb@accuweather.com
Harrison,Helen,hharrisonbc@myspace.com
Mccoy,Donald,dmccoybd@bandcamp.com
Murphy,Evelyn,emurphybe@flavors.me
Riley,Stephanie,srileybf@jiathis.com
Hamilton,Sharon,shamiltonbg@sourceforge.net
Rose,Wayne,wrosebh@tmall.com
Adams,Helen,hadamsbi@uol.com.br
Kim,Frances,fkimbj@ning.com
Webb,Karen,kwebbbk@theguardian.com
Chavez,Eugene,echavezbl@purevolume.com
Cox,Deborah,dcoxbm@ebay.co.uk
Spencer,Samuel,sspencerbn@globo.com
Morgan,Lawrence,lmorganbo@narod.ru
Black,Roy,rblackbp@google.co.jp
Diaz,Martha,mdiazbq@cargocollective.com
Owens,Robin,rowensbr@weebly.com
Thompson,Brian,bthompsonbs@stumbleupon.com
Graham,Stephen,sgrahambt@about.me
Russell,Jonathan,jrussellbu@japanpost.jp
Martin,Russell,rmartinbv@cmu.edu
Mcdonald,Heather,hmcdonaldbw@macromedia.com
Cox,Howard,hcoxbx@latimes.com
Moore,Martha,mmooreby@intel.com
Garcia,Charles,cgarciabz@cbsnews.com
Gonzales,Ernest,egonzalesc0@gov.uk
Wells,Marilyn,mwellsc1@wikispaces.com
Moore,Jessica,jmoorec2@craigslist.org
Boyd,Joshua,jboydc3@dion.ne.jp
Martin,Rose,rmartinc4@feedburner.com
Greene,Nicholas,ngreenec5@nhs.uk
Martinez,Frank,fmartinezc6@google.ru
Chapman,Ann,achapmanc7@wired.com
Alexander,Louise,lalexanderc8@meetup.com
Brown,Edward,ebrownc9@un.org
Hall,Kathryn,khallca@dmoz.org
Hunt,Rachel,rhuntcb@mozilla.com
Wells,Jose,jwellscc@bbc.co.uk
Chapman,Peter,pchapmancd@smh.com.au
Stanley,Kenneth,kstanleyce@oracle.com
Lawrence,Bobby,blawrencecf@craigslist.org
Hughes,Laura,lhughescg@twitpic.com
Hicks,Daniel,dhicksch@noaa.gov
Wright,Clarence,cwrightci@elpais.com
Morales,Craig,cmoralescj@diigo.com
Arnold,Wanda,warnoldck@latimes.com
Morales,Jean,jmoralescl@pcworld.com
Griffin,Phyllis,pgriffincm@google.com
Carpenter,Jeffrey,jcarpentercn@lycos.com
Wood,Eugene,ewoodco@sciencedaily.com
Hicks,Mary,mhickscp@list-manage.com
Ortiz,Betty,bortizcq@163.com
Frazier,Roy,rfraziercr@webeden.co.uk
Reed,Martha,mreedcs@ca.gov
Robinson,Terry,trobinsonct@upenn.edu
Wood,Kathy,kwoodcu@pagesperso-orange.fr
Alvarez,Patrick,palvarezcv@hubpages.com
Greene,Irene,igreenecw@va.gov
Dean,Elizabeth,edeancx@google.pl
Mendoza,Heather,hmendozacy@deviantart.com
Ramos,Robin,rramoscz@merriam-webster.com
Ramos,Beverly,bramosd0@buzzfeed.com
Lopez,Patricia,plopezd1@kickstarter.com
Riley,Ronald,rrileyd2@example.com
Sanders,Joshua,jsandersd3@marketwatch.com
Russell,Anne,arusselld4@clickbank.net
Ferguson,Laura,lfergusond5@uiuc.edu
Perez,Craig,cperezd6@sina.com.cn
Adams,Billy,badamsd7@ning.com
Price,Chris,cpriced8@gnu.org
Mcdonald,Annie,amcdonaldd9@mapy.cz
Russell,Janet,jrussellda@ucla.edu
Graham,Dorothy,dgrahamdb@kickstarter.com
Wagner,Matthew,mwagnerdc@home.pl
Richardson,Randy,rrichardsondd@webmd.com
Miller,Earl,emillerde@cbslocal.com
Dean,Janice,jdeandf@behance.net
Armstrong,Andrea,aarmstrongdg@yellowpages.com
Lynch,Jonathan,jlynchdh@photobucket.com
Davis,Alan,adavisdi@i2i.jp
Mason,Matthew,mmasondj@google.com
Clark,Christopher,cclarkdk@wordpress.com
Wood,Marie,mwooddl@harvard.edu
Price,Dennis,dpricedm@state.tx.us
Porter,Johnny,jporterdn@google.es
Warren,Brian,bwarrendo@cnet.com
Banks,Carlos,cbanksdp@nature.com
Gibson,Theresa,tgibsondq@google.ru
Harris,Theresa,tharrisdr@techcrunch.com
Ferguson,Carlos,cfergusonds@goo.gl
Reynolds,Patrick,preynoldsdt@w3.org
Boyd,Joyce,jboyddu@webmd.com
Wilson,Stephanie,swilsondv@behance.net
Johnson,Clarence,cjohnsondw@vistaprint.com
Taylor,Sean,staylordx@nytimes.com
Peters,David,dpetersdy@craigslist.org
Torres,Sara,storresdz@ebay.com
Flores,Wanda,wflorese0@senate.gov
Turner,Joe,jturnere1@irs.gov
Alexander,Gerald,galexandere2@imgur.com
Cook,Susan,scooke3@virginia.edu
Fisher,Joe,jfishere4@jugem.jp
Grant,Martin,mgrante5@aboutads.info
Russell,Lillian,lrusselle6@msu.edu
Rice,Maria,mricee7@photobucket.com
Ortiz,Larry,lortize8@washington.edu
Austin,Richard,raustine9@ucoz.com
Black,Carlos,cblackea@columbia.edu
Simpson,Doris,dsimpsoneb@ustream.tv
Jenkins,Martha,mjenkinsec@addtoany.com
Hayes,Wayne,whayesed@nifty.com
Ramirez,Julia,jramirezee@seesaa.net
Kelly,Christine,ckellyef@tumblr.com
Alvarez,Randy,ralvarezeg@bloomberg.com
Phillips,Laura,lphillipseh@hugedomains.com
White,Eugene,ewhiteei@nsw.gov.au
Kennedy,Patricia,pkennedyej@skyrock.com
Hicks,Craig,chicksek@samsung.com
Burton,Debra,dburtonel@vk.com
Young,Betty,byoungem@bloomberg.com
Gilbert,Matthew,mgilberten@oaic.gov.au
Dixon,Brenda,bdixoneo@blogspot.com
Hart,Lawrence,lhartep@opensource.org
Adams,Victor,vadamseq@unblog.fr
Howell,Dorothy,dhoweller@theguardian.com
Robertson,Norma,nrobertsones@cpanel.net
Turner,Jimmy,jturneret@deliciousdays.com
Bradley,Janet,jbradleyeu@ucsd.edu
Wallace,Rose,rwallaceev@phoca.cz
Cunningham,Craig,ccunninghamew@sfgate.com
Long,Thomas,tlongex@webs.com
Peters,Tina,tpetersey@tumblr.com
Rice,Kathleen,kriceez@fda.gov
Richardson,Betty,brichardsonf0@stanford.edu
Ryan,Martha,mryanf1@msu.edu
Murphy,Jacqueline,jmurphyf2@trellian.com
Elliott,Kenneth,kelliottf3@google.de
Gray,Stephanie,sgrayf4@surveymonkey.com
Pierce,Daniel,dpiercef5@cdc.gov
Bishop,Evelyn,ebishopf6@sogou.com
Morris,Tina,tmorrisf7@marketwatch.com
Hall,Robin,rhallf8@xrea.com
Garcia,Tina,tgarciaf9@gizmodo.com
Johnson,Alan,ajohnsonfa@gov.uk
Palmer,John,jpalmerfb@networksolutions.com
Collins,Phillip,pcollinsfc@instagram.com
Webb,Irene,iwebbfd@auda.org.au
Black,Billy,bblackfe@si.edu
Elliott,Samuel,selliottff@tripod.com
Burton,Phillip,pburtonfg@edublogs.org
Hamilton,Arthur,ahamiltonfh@europa.eu
Young,Ruby,ryoungfi@ca.gov
Butler,Edward,ebutlerfj@nasa.gov
Bradley,Angela,abradleyfk@com.com
Mason,Virginia,vmasonfl@csmonitor.com
Freeman,Arthur,afreemanfm@cpanel.net
Freeman,Juan,jfreemanfn@japanpost.jp
Hart,Nancy,nhartfo@youku.com
Jenkins,Willie,wjenkinsfp@shareasale.com
Hughes,Craig,chughesfq@freewebs.com
Chapman,Christopher,cchapmanfr@macromedia.com
Dunn,Jeremy,jdunnfs@xing.com
Jackson,Martha,mjacksonft@mtv.com
Gordon,Gerald,ggordonfu@themeforest.net
Campbell,Christopher,ccampbellfv@mtv.com
Rice,Marie,mricefw@com.com
Foster,Matthew,mfosterfx@google.com.br
Rose,Gerald,grosefy@purevolume.com
Ross,Anna,arossfz@w3.org
Dean,Johnny,jdeang0@omniture.com
Flores,Kathleen,kfloresg1@dailymail.co.uk
Flores,Jimmy,jfloresg2@php.net
Jones,Maria,mjonesg3@globo.com
Moore,Martin,mmooreg4@aol.com
Perry,Phillip,pperryg5@etsy.com
Bell,Larry,lbellg6@ovh.net
Morrison,Harry,hmorrisong7@ucla.edu
Sanders,Eugene,esandersg8@walmart.com
Cook,Willie,wcookg9@hp.com
Shaw,Margaret,mshawga@elpais.com
Richardson,Jean,jrichardsongb@chron.com
Rose,Russell,rrosegc@newsvine.com
Franklin,Elizabeth,efranklingd@businessweek.com
Cook,Virginia,vcookge@timesonline.co.uk
Medina,Jeremy,jmedinagf@dot.gov
Garza,Paula,pgarzagg@google.ru
Mcdonald,Bruce,bmcdonaldgh@wp.com
Armstrong,Ronald,rarmstronggi@cafepress.com
Hart,Irene,ihartgj@nasa.gov
Mills,Ronald,rmillsgk@ocn.ne.jp
Baker,Ruby,rbakergl@themeforest.net
Jackson,Benjamin,bjacksongm@lycos.com
Baker,Ruby,rbakergn@ca.gov
Murphy,Helen,hmurphygo@ning.com
Brown,Donald,dbrowngp@yahoo.com
Armstrong,Martha,marmstronggq@domainmarket.com
Peters,Helen,hpetersgr@xinhuanet.com
Hicks,George,ghicksgs@mayoclinic.com
Davis,Christina,cdavisgt@histats.com
Bowman,Jessica,jbowmangu@cyberchimps.com
Vasquez,Michael,mvasquezgv@fastcompany.com
Howard,Sean,showardgw@odnoklassniki.ru
Spencer,Kevin,kspencergx@shop-pro.jp
Martinez,Joan,jmartinezgy@nyu.edu
Wallace,Earl,ewallacegz@ehow.com
Kennedy,Stephanie,skennedyh0@wisc.edu
Gordon,Charles,cgordonh1@whitehouse.gov
Snyder,Tina,tsnyderh2@whitehouse.gov
Flores,Stephen,sfloresh3@washington.edu
Henderson,Martin,mhendersonh4@ow.ly
Davis,Diana,ddavish5@tripadvisor.com
Peters,Bonnie,bpetersh6@answers.com
Stone,Paula,pstoneh7@seattletimes.com
Schmidt,Samuel,sschmidth8@w3.org
Ramirez,Carolyn,cramirezh9@usda.gov
Tucker,Philip,ptuckerha@phoca.cz
Gardner,Bruce,bgardnerhb@ebay.co.uk
Wilson,Kimberly,kwilsonhc@barnesandnoble.com
Crawford,Teresa,tcrawfordhd@surveymonkey.com
Brown,Paul,pbrownhe@hubpages.com
Wells,Justin,jwellshf@imgur.com
Wells,Beverly,bwellshg@dmoz.org
Hayes,Gerald,ghayeshh@storify.com
Mcdonald,Todd,tmcdonaldhi@seesaa.net
Lopez,Stephen,slopezhj@mozilla.org
Bishop,Jonathan,jbishophk@ft.com
Scott,William,wscotthl@list-manage.com
Cruz,Judy,jcruzhm@meetup.com
Garrett,Jimmy,jgarretthn@wix.com
Chavez,Brenda,bchavezho@furl.net
Riley,David,drileyhp@godaddy.com
Palmer,Jimmy,jpalmerhq@hubpages.com
Campbell,Ruby,rcampbellhr@nbcnews.com
Banks,Todd,tbankshs@discuz.net
Ward,Katherine,kwardht@sohu.com
Reynolds,Edward,ereynoldshu@macromedia.com
Black,Donald,dblackhv@google.pl
Perkins,Gerald,gperkinshw@behance.net
Wright,Adam,awrighthx@wp.com
Watson,Janice,jwatsonhy@yandex.ru
Lawson,Gary,glawsonhz@multiply.com
Harrison,Jeffrey,jharrisoni0@drupal.org
Phillips,Jesse,jphillipsi1@nyu.edu
Thomas,Brenda,bthomasi2@tinypic.com
Richardson,Phillip,prichardsoni3@istockphoto.com
Woods,Bobby,bwoodsi4@buzzfeed.com
Hanson,Sandra,shansoni5@macromedia.com
Thompson,Louis,lthompsoni6@networkadvertising.org
Foster,Bruce,bfosteri7@typepad.com
Bell,Alice,abelli8@purevolume.com
Henry,Lori,lhenryi9@artisteer.com
Fowler,Bruce,bfowleria@senate.gov
Oliver,Shirley,soliverib@blog.com
Sullivan,Kathryn,ksullivanic@macromedia.com
Jackson,Phyllis,pjacksonid@1und1.de
Carter,Sarah,scarterie@java.com
Riley,Melissa,mrileyif@alexa.com
Bennett,Jeffrey,jbennettig@php.net
Edwards,Melissa,medwardsih@usnews.com
Collins,Joseph,jcollinsii@disqus.com
Day,Jennifer,jdayij@baidu.com
Jackson,Katherine,kjacksonik@comcast.net
Ramirez,Diane,dramirezil@arizona.edu
Lane,Larry,llaneim@tmall.com
Simpson,Donna,dsimpsonin@naver.com
Ford,Arthur,afordio@github.io
Freeman,Angela,afreemanip@squarespace.com
Bowman,Ann,abowmaniq@posterous.com
Chapman,Samuel,schapmanir@accuweather.com
Walker,Wayne,wwalkeris@hao123.com
Castillo,Robert,rcastilloit@slate.com
Gray,Bruce,bgrayiu@parallels.com
Morales,Annie,amoralesiv@intel.com
Harper,Jacqueline,jharperiw@merriam-webster.com
Welch,Nicole,nwelchix@angelfire.com
Morales,Carolyn,cmoralesiy@imgur.com
Mccoy,Mark,mmccoyiz@ehow.com
Sanchez,Jonathan,jsanchezj0@topsy.com
George,Marie,mgeorgej1@myspace.com
Jenkins,Donald,djenkinsj2@imageshack.us
Cook,Martin,mcookj3@g.co
Davis,Clarence,cdavisj4@cmu.edu
Torres,Jose,jtorresj5@prnewswire.com
Bennett,Ralph,rbennettj6@cdc.gov
Harvey,Peter,pharveyj7@amazon.co.jp
Myers,David,dmyersj8@nsw.gov.au
Gordon,Keith,kgordonj9@dell.com
Jackson,Betty,bjacksonja@mediafire.com
Spencer,Anthony,aspencerjb@amazon.de
Mcdonald,Christina,cmcdonaldjc@japanpost.jp
Miller,Louise,lmillerjd@t-online.de
Garza,Alice,agarzaje@oaic.gov.au
Morris,Kathryn,kmorrisjf@thetimes.co.uk
Gilbert,Stephen,sgilbertjg@over-blog.com
Peters,Lori,lpetersjh@arstechnica.com
White,Tammy,twhiteji@census.gov
Smith,Pamela,psmithjj@dropbox.com
Phillips,Lillian,lphillipsjk@mtv.com
Webb,Catherine,cwebbjl@lulu.com
Lane,Maria,mlanejm@gov.uk
Sanchez,Anthony,asanchezjn@shutterfly.com
Kim,William,wkimjo@arizona.edu
Cooper,Phillip,pcooperjp@istockphoto.com
Lynch,Jessica,jlynchjq@telegraph.co.uk
Simmons,Maria,msimmonsjr@dmoz.org
Sims,Ruby,rsimsjs@thetimes.co.uk
Morris,Carol,cmorrisjt@360.cn
Burke,Brian,bburkeju@slashdot.org
Hawkins,Kenneth,khawkinsjv@seesaa.net
Alvarez,Scott,salvarezjw@google.com
Lee,Shawn,sleejx@forbes.com
Jacobs,Philip,pjacobsjy@tmall.com
Myers,Anne,amyersjz@ibm.com
Johnston,Stephanie,sjohnstonk0@tamu.edu
Simpson,Emily,esimpsonk1@amazon.com
Fisher,Shawn,sfisherk2@comsenz.com
Gray,Heather,hgrayk3@google.ru
Crawford,Ernest,ecrawfordk4@posterous.com
Olson,Bobby,bolsonk5@huffingtonpost.com
Henry,Gloria,ghenryk6@cbc.ca
Ross,Ryan,rrossk7@ftc.gov
Harris,Rebecca,rharrisk8@pinterest.com
Perez,Rachel,rperezk9@umich.edu
Montgomery,Elizabeth,emontgomeryka@sciencedirect.com
Martin,Diana,dmartinkb@engadget.com
Burns,Sandra,sburnskc@virginia.edu
Williamson,Anne,awilliamsonkd@4shared.com
Vasquez,Jennifer,jvasquezke@ow.ly
Mason,Diane,dmasonkf@cnbc.com
Gray,Irene,igraykg@diigo.com
Thomas,Gerald,gthomaskh@usnews.com
Parker,Frank,fparkerki@squidoo.com
Freeman,Samuel,sfreemankj@bluehost.com
Ward,Emily,ewardkk@dion.ne.jp
Hansen,Willie,whansenkl@biglobe.ne.jp
Stone,Roger,rstonekm@examiner.com
Morales,Dennis,dmoraleskn@parallels.com
Rivera,Harold,hriverako@gizmodo.com
Patterson,Thomas,tpattersonkp@washington.edu
Wagner,Emily,ewagnerkq@cnn.com
Garrett,Shirley,sgarrettkr@xing.com
Franklin,James,jfranklinks@sitemeter.com
Sullivan,Philip,psullivankt@blogs.com
Cunningham,Harry,hcunninghamku@businessinsider.com
Coleman,Julia,jcolemankv@desdev.cn
Morris,Lori,lmorriskw@bloglines.com
Bell,Timothy,tbellkx@flickr.com
Hamilton,Victor,vhamiltonky@tamu.edu
Ferguson,Albert,afergusonkz@opera.com
Ross,Cheryl,crossl0@prnewswire.com
Olson,Kevin,kolsonl1@zimbio.com
Martinez,Richard,rmartinezl2@yandex.ru
Richardson,James,jrichardsonl3@hubpages.com
Allen,Chris,callenl4@nhs.uk
Welch,Ashley,awelchl5@baidu.com
Hamilton,Louise,lhamiltonl6@comsenz.com
Kelley,Betty,bkelleyl7@quantcast.com
James,Fred,fjamesl8@cocolog-nifty.com
Johnson,Cheryl,cjohnsonl9@whitehouse.gov
Graham,David,dgrahamla@comcast.net
Allen,Peter,pallenlb@ox.ac.uk
Barnes,Albert,abarneslc@dion.ne.jp
Daniels,Jane,jdanielsld@ox.ac.uk
Turner,Mary,mturnerle@state.gov
Turner,Andrew,aturnerlf@nifty.com
Richardson,Beverly,brichardsonlg@taobao.com
Garrett,Mary,mgarrettlh@yahoo.com
Hughes,Brian,bhughesli@yandex.ru
Adams,Bobby,badamslj@google.pl
Crawford,Emily,ecrawfordlk@meetup.com
Fisher,Samuel,sfisherll@unc.edu
Fuller,Kenneth,kfullerlm@163.com
Ross,Frank,frossln@about.com
Henderson,Lois,lhendersonlo@shutterfly.com
Martinez,Maria,mmartinezlp@reddit.com
Boyd,Roger,rboydlq@phoca.cz
Miller,Lillian,lmillerlr@telegraph.co.uk
Hamilton,Gloria,ghamiltonls@google.de
Ellis,Jonathan,jellislt@loc.gov
Cunningham,Carolyn,ccunninghamlu@state.tx.us
Fox,Angela,afoxlv@comcast.net
Wood,Linda,lwoodlw@nbcnews.com
Myers,William,wmyerslx@addtoany.com
Burke,Martin,mburkely@toplist.cz
Hall,Annie,ahalllz@admin.ch
Hansen,Jean,jhansenm0@statcounter.com
Lane,Nancy,nlanem1@taobao.com
Burton,Christina,cburtonm2@shop-pro.jp
West,Douglas,dwestm3@pbs.org
Evans,Ralph,revansm4@google.com
Edwards,Debra,dedwardsm5@qq.com
Reyes,Catherine,creyesm6@networksolutions.com
Jackson,Jacqueline,jjacksonm7@soundcloud.com
Long,Frank,flongm8@parallels.com
Perkins,Eugene,eperkinsm9@bluehost.com
Lawson,Annie,alawsonma@irs.gov
Rodriguez,Frances,frodriguezmb@google.de
Kelley,Christopher,ckelleymc@wikimedia.org
Morales,Scott,smoralesmd@ucoz.com
Ward,Wayne,wwardme@facebook.com
Garrett,Russell,rgarrettmf@sbwire.com
Gutierrez,Ryan,rgutierrezmg@msu.edu
Harris,Kathy,kharrismh@wired.com
Gordon,Ruby,rgordonmi@wix.com
Gilbert,Gary,ggilbertmj@angelfire.com
Armstrong,Johnny,jarmstrongmk@spiegel.de
Rice,Jose,jriceml@google.com.hk
Watson,Juan,jwatsonmm@topsy.com
Snyder,Edward,esnydermn@pen.io
Sullivan,Craig,csullivanmo@nifty.com
Gutierrez,Kevin,kgutierrezmp@unc.edu
Harvey,Maria,mharveymq@g.co
Johnston,Carlos,cjohnstonmr@bbc.co.uk
Howell,Roger,rhowellms@mysql.com
Johnson,Victor,vjohnsonmt@tuttocitta.it
Diaz,Denise,ddiazmu@hp.com
Weaver,Howard,hweavermv@flickr.com
Franklin,James,jfranklinmw@sourceforge.net
Palmer,Ronald,rpalmermx@home.pl
Jones,Gerald,gjonesmy@typepad.com
Stewart,Rose,rstewartmz@oakley.com
Long,Phillip,plongn0@ibm.com
Mitchell,Eric,emitchelln1@mediafire.com
Stephens,Chris,cstephensn2@macromedia.com
Gutierrez,Thomas,tgutierrezn3@va.gov
Torres,Jose,jtorresn4@odnoklassniki.ru
Alvarez,Kevin,kalvarezn5@google.ru
Hunter,Jack,jhuntern6@theglobeandmail.com
Diaz,Christine,cdiazn7@ted.com
Rivera,Anne,ariveran8@flickr.com
Gomez,Marilyn,mgomezn9@spiegel.de
Little,Louis,llittlena@parallels.com
Elliott,Douglas,delliottnb@webnode.com
Sanchez,Alan,asancheznc@ibm.com
Hughes,Jacqueline,jhughesnd@technorati.com
Grant,Phillip,pgrantne@bigcartel.com
Chapman,Roger,rchapmannf@gnu.org
Shaw,Terry,tshawng@chron.com
Sims,Philip,psimsnh@addthis.com
Lee,Albert,aleeni@sakura.ne.jp
Baker,Keith,kbakernj@bluehost.com
Fowler,Marie,mfowlernk@eventbrite.com
Gilbert,Richard,rgilbertnl@eepurl.com
Henry,Anna,ahenrynm@homestead.com
Kelley,Lawrence,lkelleynn@bigcartel.com
Crawford,Carolyn,ccrawfordno@independent.co.uk
Morris,Louis,lmorrisnp@comcast.net
Greene,Carol,cgreenenq@scribd.com
Rivera,Roy,rriveranr@shinystat.com
Stone,Doris,dstonens@a8.net
Hughes,Scott,shughesnt@cyberchimps.com
Freeman,Robin,rfreemannu@sina.com.cn
Warren,Frank,fwarrennv@reference.com
Price,Julie,jpricenw@nydailynews.com
Butler,Susan,sbutlernx@foxnews.com
Miller,Justin,jmillerny@free.fr
Lawson,Matthew,mlawsonnz@parallels.com
Mcdonald,Martin,mmcdonaldo0@java.com
Fowler,Jennifer,jfowlero1@bbc.co.uk
Tucker,Andrea,atuckero2@ihg.com
Lawson,Thomas,tlawsono3@wufoo.com
Fuller,Randy,rfullero4@indiatimes.com
Garrett,Keith,kgarretto5@va.gov
Baker,Louis,lbakero6@lulu.com
Sanders,Phillip,psanderso7@histats.com
Scott,Evelyn,escotto8@wiley.com
Lopez,Arthur,alopezo9@forbes.com
Morales,Maria,mmoralesoa@t-online.de
Morrison,Amy,amorrisonob@unblog.fr
Foster,Paul,pfosteroc@time.com
Howard,Sean,showardod@fotki.com
Hughes,Harold,hhughesoe@washingtonpost.com
Murray,Charles,cmurrayof@pbs.org
Elliott,Walter,welliottog@acquirethisname.com
Lawson,Julie,jlawsonoh@usda.gov
Brown,Frances,fbrownoi@nature.com
Hunt,Jessica,jhuntoj@columbia.edu
Wheeler,Cheryl,cwheelerok@multiply.com
Phillips,Jessica,jphillipsol@taobao.com
Williamson,Joshua,jwilliamsonom@ask.com
Lawson,Brenda,blawsonon@blogger.com
Medina,Walter,wmedinaoo@japanpost.jp
Olson,Norma,nolsonop@mapquest.com
Morales,Wayne,wmoralesoq@irs.gov
Lawrence,Diane,dlawrenceor@google.com.au
Woods,Robin,rwoodsos@delicious.com
Hicks,Denise,dhicksot@ifeng.com
Turner,Maria,mturnerou@earthlink.net
Hanson,John,jhansonov@google.com.br
Harris,Beverly,bharrisow@ovh.net
Anderson,Gloria,gandersonox@amazonaws.com
Mitchell,Billy,bmitchelloy@trellian.com
Meyer,Ronald,rmeyeroz@nbcnews.com
Dean,Ruby,rdeanp0@networkadvertising.org
Johnson,Joseph,jjohnsonp1@ted.com
Brown,Beverly,bbrownp2@alibaba.com
Frazier,Anna,afrazierp3@blogger.com
Wagner,Bruce,bwagnerp4@marketwatch.com
Roberts,Ernest,erobertsp5@cafepress.com
Montgomery,Betty,bmontgomeryp6@friendfeed.com
Black,Beverly,bblackp7@chron.com
Fowler,Randy,rfowlerp8@studiopress.com
Porter,Evelyn,eporterp9@cdbaby.com
Flores,Theresa,tflorespa@berkeley.edu
Ray,Martha,mraypb@woothemes.com
Gilbert,James,jgilbertpc@cbslocal.com
Morales,Mildred,mmoralespd@delicious.com
West,Julia,jwestpe@constantcontact.com
Sanchez,Brenda,bsanchezpf@nasa.gov
Adams,Benjamin,badamspg@nature.com
Price,Angela,apriceph@unesco.org
Carroll,Randy,rcarrollpi@list-manage.com
Gordon,Larry,lgordonpj@vk.com
Gutierrez,Denise,dgutierrezpk@upenn.edu
Martinez,Kathryn,kmartinezpl@creativecommons.org
Garza,Alice,agarzapm@marriott.com
Robinson,Chris,crobinsonpn@cargocollective.com
Graham,Dennis,dgrahampo@salon.com
Walker,Wanda,wwalkerpp@stumbleupon.com
White,Stephanie,swhitepq@addtoany.com
Ray,Christine,craypr@free.fr
Duncan,Judith,jduncanps@earthlink.net
Lewis,Billy,blewispt@stanford.edu
Freeman,Beverly,bfreemanpu@123-reg.co.uk
Hunt,Ryan,rhuntpv@slideshare.net
Gonzalez,Richard,rgonzalezpw@goo.ne.jp
Moreno,Matthew,mmorenopx@wunderground.com
Moore,Beverly,bmoorepy@mapy.cz
Carter,Cheryl,ccarterpz@aol.com
Gutierrez,Christopher,cgutierrezq0@reddit.com
Hart,Johnny,jhartq1@shinystat.com
Hudson,Jesse,jhudsonq2@soup.io
Gomez,Gloria,ggomezq3@paypal.com
Ray,Daniel,drayq4@jiathis.com
Rose,Julie,jroseq5@un.org
Cooper,Russell,rcooperq6@cargocollective.com
Brown,Sarah,sbrownq7@multiply.com
Scott,Stephen,sscottq8@booking.com
Tucker,Stephanie,stuckerq9@last.fm
Bailey,Matthew,mbaileyqa@i2i.jp
Peterson,Ralph,rpetersonqb@google.fr
Barnes,Frank,fbarnesqc@yahoo.com
Reid,Justin,jreidqd@wisc.edu
Gonzales,Gary,ggonzalesqe@biblegateway.com
Garrett,Helen,hgarrettqf@cargocollective.com
Evans,Jeremy,jevansqg@yahoo.com
Brooks,Chris,cbrooksqh@fema.gov
Owens,Janet,jowensqi@comsenz.com
Brown,Terry,tbrownqj@army.mil
Castillo,William,wcastilloqk@independent.co.uk
Hughes,Timothy,thughesql@photobucket.com
Hunt,Barbara,bhuntqm@businesswire.com
Fuller,John,jfullerqn@behance.net
Griffin,Laura,lgriffinqo@nasa.gov
Dean,Lisa,ldeanqp@yolasite.com
Stanley,Russell,rstanleyqq@altervista.org
Harris,Louise,lharrisqr@sbwire.com
White,Sarah,swhiteqs@xinhuanet.com
Snyder,Ruth,rsnyderqt@ebay.com
Snyder,Marilyn,msnyderqu@pbs.org
Moore,Keith,kmooreqv@time.com
Owens,Shawn,sowensqw@mac.com
Austin,Sarah,saustinqx@symantec.com
Fernandez,Charles,cfernandezqy@wikispaces.com
Lynch,Jean,jlynchqz@nps.gov
Palmer,Sharon,spalmerr0@flickr.com
Gray,Ruth,rgrayr1@friendfeed.com
Knight,Charles,cknightr2@army.mil
Hanson,Kenneth,khansonr3@addtoany.com
Cooper,Margaret,mcooperr4@themeforest.net
Thompson,Laura,lthompsonr5@uol.com.br
Ellis,Brandon,bellisr6@google.fr
Olson,Sara,solsonr7@mapquest.com
Richardson,Benjamin,brichardsonr8@angelfire.com
Phillips,Brenda,bphillipsr9@globo.com
Boyd,George,gboydra@freewebs.com
Banks,Arthur,abanksrb@instagram.com
Gonzalez,Eric,egonzalezrc@etsy.com
Day,Maria,mdayrd@yahoo.com
Elliott,Beverly,belliottre@pagesperso-orange.fr
Knight,Albert,aknightrf@businessinsider.com
Richards,Pamela,prichardsrg@symantec.com
Williamson,Chris,cwilliamsonrh@scientificamerican.com
Reynolds,Nancy,nreynoldsri@hhs.gov
Woods,Bruce,bwoodsrj@t.co
Long,Louis,llongrk@qq.com
Fernandez,Brenda,bfernandezrl@vistaprint.com
Cox,Sandra,scoxrm@simplemachines.org
Harvey,Lori,lharveyrn@devhub.com
White,Stephanie,swhitero@statcounter.com
Myers,Katherine,kmyersrp@free.fr
Gordon,Lawrence,lgordonrq@amazon.co.uk